index,countryName,Date,hdiRank,HDI
8, Afghanistan,2010,168,0.463
9, Afghanistan,2011,168,0.471
10, Afghanistan,2012,168,0.482
11, Afghanistan,2013,168,0.487
12, Afghanistan,2014,168,0.491
13, Afghanistan,2015,168,0.493
14, Afghanistan,2016,168,0.494
15, Afghanistan,2017,168,0.498
36, Albania,2010,68,0.741
37, Albania,2011,68,0.752
38, Albania,2012,68,0.767
39, Albania,2013,68,0.771
40, Albania,2014,68,0.773
41, Albania,2015,68,0.776
42, Albania,2016,68,0.782
43, Albania,2017,68,0.785
64, Algeria,2010,85,0.729
65, Algeria,2011,85,0.736
66, Algeria,2012,85,0.74
67, Algeria,2013,85,0.745
68, Algeria,2014,85,0.747
69, Algeria,2015,85,0.749
70, Algeria,2016,85,0.753
71, Algeria,2017,85,0.754
82, Andorra,2010,35,0.828
83, Andorra,2011,35,0.827
84, Andorra,2012,35,0.849
85, Andorra,2013,35,0.85
86, Andorra,2014,35,0.853
87, Andorra,2015,35,0.854
88, Andorra,2016,35,0.856
89, Andorra,2017,35,0.858
101, Angola,2010,147,0.52
102, Angola,2011,147,0.535
103, Angola,2012,147,0.543
104, Angola,2013,147,0.554
105, Angola,2014,147,0.564
106, Angola,2015,147,0.572
107, Angola,2016,147,0.577
108, Angola,2017,147,0.581
114, Antigua and Barbuda,2010,70,0.766
115, Antigua and Barbuda,2011,70,0.762
116, Antigua and Barbuda,2012,70,0.765
117, Antigua and Barbuda,2013,70,0.768
118, Antigua and Barbuda,2014,70,0.77
119, Antigua and Barbuda,2015,70,0.775
120, Antigua and Barbuda,2016,70,0.778
121, Antigua and Barbuda,2017,70,0.78
142, Argentina,2010,47,0.813
143, Argentina,2011,47,0.819
144, Argentina,2012,47,0.818
145, Argentina,2013,47,0.82
146, Argentina,2014,47,0.82
147, Argentina,2015,47,0.822
148, Argentina,2016,47,0.822
149, Argentina,2017,47,0.825
170, Armenia,2010,83,0.728
171, Armenia,2011,83,0.731
172, Armenia,2012,83,0.737
173, Armenia,2013,83,0.742
174, Armenia,2014,83,0.745
175, Armenia,2015,83,0.748
176, Armenia,2016,83,0.749
177, Armenia,2017,83,0.755
198, Australia,2010,3,0.923
199, Australia,2011,3,0.925
200, Australia,2012,3,0.929
201, Australia,2013,3,0.931
202, Australia,2014,3,0.933
203, Australia,2015,3,0.936
204, Australia,2016,3,0.938
205, Australia,2017,3,0.939
226, Austria,2010,20,0.895
227, Austria,2011,20,0.897
228, Austria,2012,20,0.899
229, Austria,2013,20,0.897
230, Austria,2014,20,0.901
231, Austria,2015,20,0.903
232, Austria,2016,20,0.906
233, Austria,2017,20,0.908
249, Azerbaijan,2010,80,0.74
250, Azerbaijan,2011,80,0.741
251, Azerbaijan,2012,80,0.745
252, Azerbaijan,2013,80,0.752
253, Azerbaijan,2014,80,0.758
254, Azerbaijan,2015,80,0.758
255, Azerbaijan,2016,80,0.757
256, Azerbaijan,2017,80,0.757
267, Bahamas,2010,54,0.789
268, Bahamas,2011,54,0.793
269, Bahamas,2012,54,0.807
270, Bahamas,2013,54,0.807
271, Bahamas,2014,54,0.807
272, Bahamas,2015,54,0.807
273, Bahamas,2016,54,0.806
274, Bahamas,2017,54,0.807
295, Bahrain,2010,43,0.796
296, Bahrain,2011,43,0.798
297, Bahrain,2012,43,0.8
298, Bahrain,2013,43,0.807
299, Bahrain,2014,43,0.81
300, Bahrain,2015,43,0.832
301, Bahrain,2016,43,0.846
302, Bahrain,2017,43,0.846
323, Bangladesh,2010,136,0.545
324, Bangladesh,2011,136,0.557
325, Bangladesh,2012,136,0.567
326, Bangladesh,2013,136,0.575
327, Bangladesh,2014,136,0.583
328, Bangladesh,2015,136,0.592
329, Bangladesh,2016,136,0.597
330, Bangladesh,2017,136,0.608
351, Barbados,2010,58,0.782
352, Barbados,2011,58,0.787
353, Barbados,2012,58,0.795
354, Barbados,2013,58,0.796
355, Barbados,2014,58,0.796
356, Barbados,2015,58,0.797
357, Barbados,2016,58,0.799
358, Barbados,2017,58,0.8
374, Belarus,2010,53,0.792
375, Belarus,2011,53,0.798
376, Belarus,2012,53,0.803
377, Belarus,2013,53,0.804
378, Belarus,2014,53,0.807
379, Belarus,2015,53,0.805
380, Belarus,2016,53,0.805
381, Belarus,2017,53,0.808
402, Belgium,2010,17,0.903
403, Belgium,2011,17,0.904
404, Belgium,2012,17,0.905
405, Belgium,2013,17,0.908
406, Belgium,2014,17,0.909
407, Belgium,2015,17,0.913
408, Belgium,2016,17,0.915
409, Belgium,2017,17,0.916
430, Belize,2010,106,0.699
431, Belize,2011,106,0.702
432, Belize,2012,106,0.706
433, Belize,2013,106,0.705
434, Belize,2014,106,0.706
435, Belize,2015,106,0.709
436, Belize,2016,106,0.709
437, Belize,2017,106,0.708
458, Benin,2010,163,0.473
459, Benin,2011,163,0.479
460, Benin,2012,163,0.489
461, Benin,2013,163,0.5
462, Benin,2014,163,0.505
463, Benin,2015,163,0.508
464, Benin,2016,163,0.512
465, Benin,2017,163,0.515
471, Bhutan,2010,134,0.566
472, Bhutan,2011,134,0.575
473, Bhutan,2012,134,0.585
474, Bhutan,2013,134,0.589
475, Bhutan,2014,134,0.599
476, Bhutan,2015,134,0.603
477, Bhutan,2016,134,0.609
478, Bhutan,2017,134,0.612
499, Bolivia (Plurinational State of),2010,118,0.649
500, Bolivia (Plurinational State of),2011,118,0.655
501, Bolivia (Plurinational State of),2012,118,0.662
502, Bolivia (Plurinational State of),2013,118,0.668
503, Bolivia (Plurinational State of),2014,118,0.675
504, Bolivia (Plurinational State of),2015,118,0.681
505, Bolivia (Plurinational State of),2016,118,0.689
506, Bolivia (Plurinational State of),2017,118,0.693
517, Bosnia and Herzegovina,2010,77,0.713
518, Bosnia and Herzegovina,2011,77,0.721
519, Bosnia and Herzegovina,2012,77,0.739
520, Bosnia and Herzegovina,2013,77,0.747
521, Bosnia and Herzegovina,2014,77,0.754
522, Bosnia and Herzegovina,2015,77,0.755
523, Bosnia and Herzegovina,2016,77,0.766
524, Bosnia and Herzegovina,2017,77,0.768
545, Botswana,2010,101,0.66
546, Botswana,2011,101,0.673
547, Botswana,2012,101,0.683
548, Botswana,2013,101,0.693
549, Botswana,2014,101,0.701
550, Botswana,2015,101,0.706
551, Botswana,2016,101,0.712
552, Botswana,2017,101,0.717
573, Brazil,2010,79,0.727
574, Brazil,2011,79,0.731
575, Brazil,2012,79,0.736
576, Brazil,2013,79,0.748
577, Brazil,2014,79,0.752
578, Brazil,2015,79,0.757
579, Brazil,2016,79,0.758
580, Brazil,2017,79,0.759
601, Brunei Darussalam,2010,39,0.842
602, Brunei Darussalam,2011,39,0.846
603, Brunei Darussalam,2012,39,0.852
604, Brunei Darussalam,2013,39,0.853
605, Brunei Darussalam,2014,39,0.853
606, Brunei Darussalam,2015,39,0.852
607, Brunei Darussalam,2016,39,0.852
608, Brunei Darussalam,2017,39,0.853
629, Bulgaria,2010,51,0.779
630, Bulgaria,2011,51,0.782
631, Bulgaria,2012,51,0.786
632, Bulgaria,2013,51,0.792
633, Bulgaria,2014,51,0.797
634, Bulgaria,2015,51,0.807
635, Bulgaria,2016,51,0.81
636, Bulgaria,2017,51,0.813
647, Burkina Faso,2010,183,0.375
648, Burkina Faso,2011,183,0.385
649, Burkina Faso,2012,183,0.394
650, Burkina Faso,2013,183,0.401
651, Burkina Faso,2014,183,0.405
652, Burkina Faso,2015,183,0.412
653, Burkina Faso,2016,183,0.42
654, Burkina Faso,2017,183,0.423
675, Burundi,2010,185,0.395
676, Burundi,2011,185,0.403
677, Burundi,2012,185,0.408
678, Burundi,2013,185,0.414
679, Burundi,2014,185,0.421
680, Burundi,2015,185,0.418
681, Burundi,2016,185,0.418
682, Burundi,2017,185,0.417
693, Cabo Verde,2010,125,0.629
694, Cabo Verde,2011,125,0.635
695, Cabo Verde,2012,125,0.636
696, Cabo Verde,2013,125,0.642
697, Cabo Verde,2014,125,0.644
698, Cabo Verde,2015,125,0.647
699, Cabo Verde,2016,125,0.652
700, Cabo Verde,2017,125,0.654
721, Cambodia,2010,146,0.537
722, Cambodia,2011,146,0.546
723, Cambodia,2012,146,0.553
724, Cambodia,2013,146,0.56
725, Cambodia,2014,146,0.566
726, Cambodia,2015,146,0.571
727, Cambodia,2016,146,0.576
728, Cambodia,2017,146,0.582
749, Cameroon,2010,151,0.506
750, Cameroon,2011,151,0.515
751, Cameroon,2012,151,0.526
752, Cameroon,2013,151,0.535
753, Cameroon,2014,151,0.543
754, Cameroon,2015,151,0.548
755, Cameroon,2016,151,0.553
756, Cameroon,2017,151,0.556
777, Canada,2010,12,0.902
778, Canada,2011,12,0.905
779, Canada,2012,12,0.908
780, Canada,2013,12,0.911
781, Canada,2014,12,0.918
782, Canada,2015,12,0.92
783, Canada,2016,12,0.922
784, Canada,2017,12,0.926
805, Central African Republic,2010,188,0.351
806, Central African Republic,2011,188,0.358
807, Central African Republic,2012,188,0.365
808, Central African Republic,2013,188,0.344
809, Central African Republic,2014,188,0.349
810, Central African Republic,2015,188,0.357
811, Central African Republic,2016,188,0.362
812, Central African Republic,2017,188,0.367
823, Chad,2010,186,0.371
824, Chad,2011,186,0.382
825, Chad,2012,186,0.391
826, Chad,2013,186,0.397
827, Chad,2014,186,0.403
828, Chad,2015,186,0.407
829, Chad,2016,186,0.405
830, Chad,2017,186,0.404
851, Chile,2010,44,0.808
852, Chile,2011,44,0.814
853, Chile,2012,44,0.819
854, Chile,2013,44,0.828
855, Chile,2014,44,0.833
856, Chile,2015,44,0.84
857, Chile,2016,44,0.842
858, Chile,2017,44,0.843
879, China,2010,86,0.706
880, China,2011,86,0.714
881, China,2012,86,0.722
882, China,2013,86,0.729
883, China,2014,86,0.738
884, China,2015,86,0.743
885, China,2016,86,0.748
886, China,2017,86,0.752
907, Colombia,2010,90,0.719
908, Colombia,2011,90,0.725
909, Colombia,2012,90,0.725
910, Colombia,2013,90,0.735
911, Colombia,2014,90,0.738
912, Colombia,2015,90,0.742
913, Colombia,2016,90,0.747
914, Colombia,2017,90,0.747
921, Comoros,2010,165,0.482
922, Comoros,2011,165,0.487
923, Comoros,2012,165,0.493
924, Comoros,2013,165,0.499
925, Comoros,2014,165,0.501
926, Comoros,2015,165,0.502
927, Comoros,2016,165,0.502
928, Comoros,2017,165,0.503
949, Congo,2010,137,0.557
950, Congo,2011,137,0.56
951, Congo,2012,137,0.573
952, Congo,2013,137,0.582
953, Congo,2014,137,0.595
954, Congo,2015,137,0.613
955, Congo,2016,137,0.612
956, Congo,2017,137,0.606
976, Congo (Democratic Republic of the),2010,176,0.407
977, Congo (Democratic Republic of the),2011,176,0.415
978, Congo (Democratic Republic of the),2012,176,0.42
979, Congo (Democratic Republic of the),2013,176,0.426
980, Congo (Democratic Republic of the),2014,176,0.436
981, Congo (Democratic Republic of the),2015,176,0.444
982, Congo (Democratic Republic of the),2016,176,0.452
983, Congo (Democratic Republic of the),2017,176,0.457
1004, Costa Rica,2010,63,0.754
1005, Costa Rica,2011,63,0.76
1006, Costa Rica,2012,63,0.772
1007, Costa Rica,2013,63,0.776
1008, Costa Rica,2014,63,0.78
1009, Costa Rica,2015,63,0.788
1010, Costa Rica,2016,63,0.791
1011, Costa Rica,2017,63,0.794
1032, Croatia,2010,46,0.808
1033, Croatia,2011,46,0.815
1034, Croatia,2012,46,0.816
1035, Croatia,2013,46,0.821
1036, Croatia,2014,46,0.824
1037, Croatia,2015,46,0.827
1038, Croatia,2016,46,0.828
1039, Croatia,2017,46,0.831
1060, Cuba,2010,73,0.779
1061, Cuba,2011,73,0.778
1062, Cuba,2012,73,0.767
1063, Cuba,2013,73,0.765
1064, Cuba,2014,73,0.768
1065, Cuba,2015,73,0.772
1066, Cuba,2016,73,0.774
1067, Cuba,2017,73,0.777
1088, Cyprus,2010,32,0.85
1089, Cyprus,2011,32,0.853
1090, Cyprus,2012,32,0.852
1091, Cyprus,2013,32,0.853
1092, Cyprus,2014,32,0.856
1093, Cyprus,2015,32,0.86
1094, Cyprus,2016,32,0.867
1095, Cyprus,2017,32,0.869
1116, Czechia,2010,27,0.862
1117, Czechia,2011,27,0.865
1118, Czechia,2012,27,0.865
1119, Czechia,2013,27,0.874
1120, Czechia,2014,27,0.879
1121, Czechia,2015,27,0.882
1122, Czechia,2016,27,0.885
1123, Czechia,2017,27,0.888
1144, Côte d'Ivoire,2010,170,0.442
1145, Côte d'Ivoire,2011,170,0.445
1146, Côte d'Ivoire,2012,170,0.454
1147, Côte d'Ivoire,2013,170,0.462
1148, Côte d'Ivoire,2014,170,0.465
1149, Côte d'Ivoire,2015,170,0.478
1150, Côte d'Ivoire,2016,170,0.486
1151, Côte d'Ivoire,2017,170,0.492
1172, Denmark,2010,11,0.91
1173, Denmark,2011,11,0.922
1174, Denmark,2012,11,0.924
1175, Denmark,2013,11,0.931
1176, Denmark,2014,11,0.928
1177, Denmark,2015,11,0.926
1178, Denmark,2016,11,0.928
1179, Denmark,2017,11,0.929
1195, Djibouti,2010,172,0.449
1196, Djibouti,2011,172,0.454
1197, Djibouti,2012,172,0.459
1198, Djibouti,2013,172,0.463
1199, Djibouti,2014,172,0.467
1200, Djibouti,2015,172,0.47
1201, Djibouti,2016,172,0.474
1202, Djibouti,2017,172,0.476
1213, Dominica,2010,103,0.722
1214, Dominica,2011,103,0.722
1215, Dominica,2012,103,0.721
1216, Dominica,2013,103,0.721
1217, Dominica,2014,103,0.724
1218, Dominica,2015,103,0.721
1219, Dominica,2016,103,0.718
1220, Dominica,2017,103,0.715
1241, Dominican Republic,2010,94,0.703
1242, Dominican Republic,2011,94,0.706
1243, Dominican Republic,2012,94,0.71
1244, Dominican Republic,2013,94,0.713
1245, Dominican Republic,2014,94,0.718
1246, Dominican Republic,2015,94,0.729
1247, Dominican Republic,2016,94,0.733
1248, Dominican Republic,2017,94,0.736
1269, Ecuador,2010,86,0.715
1270, Ecuador,2011,86,0.721
1271, Ecuador,2012,86,0.726
1272, Ecuador,2013,86,0.734
1273, Ecuador,2014,86,0.742
1274, Ecuador,2015,86,0.743
1275, Ecuador,2016,86,0.749
1276, Ecuador,2017,86,0.752
1297, Egypt,2010,115,0.665
1298, Egypt,2011,115,0.668
1299, Egypt,2012,115,0.675
1300, Egypt,2013,115,0.68
1301, Egypt,2014,115,0.683
1302, Egypt,2015,115,0.691
1303, Egypt,2016,115,0.694
1304, Egypt,2017,115,0.696
1325, El Salvador,2010,121,0.671
1326, El Salvador,2011,121,0.666
1327, El Salvador,2012,121,0.67
1328, El Salvador,2013,121,0.671
1329, El Salvador,2014,121,0.67
1330, El Salvador,2015,121,0.674
1331, El Salvador,2016,121,0.679
1332, El Salvador,2017,121,0.674
1343, Equatorial Guinea,2010,141,0.581
1344, Equatorial Guinea,2011,141,0.584
1345, Equatorial Guinea,2012,141,0.589
1346, Equatorial Guinea,2013,141,0.59
1347, Equatorial Guinea,2014,141,0.59
1348, Equatorial Guinea,2015,141,0.593
1349, Equatorial Guinea,2016,141,0.593
1350, Equatorial Guinea,2017,141,0.591
1356, Eritrea,2010,179,0.416
1357, Eritrea,2011,179,0.417
1358, Eritrea,2012,179,0.422
1359, Eritrea,2013,179,0.425
1360, Eritrea,2014,179,0.428
1361, Eritrea,2015,179,0.433
1362, Eritrea,2016,179,0.436
1363, Eritrea,2017,179,0.44
1384, Estonia,2010,30,0.845
1385, Estonia,2011,30,0.853
1386, Estonia,2012,30,0.859
1387, Estonia,2013,30,0.862
1388, Estonia,2014,30,0.864
1389, Estonia,2015,30,0.866
1390, Estonia,2016,30,0.868
1391, Estonia,2017,30,0.871
1412, Eswatini (Kingdom of),2010,144,0.538
1413, Eswatini (Kingdom of),2011,144,0.55
1414, Eswatini (Kingdom of),2012,144,0.561
1415, Eswatini (Kingdom of),2013,144,0.572
1416, Eswatini (Kingdom of),2014,144,0.58
1417, Eswatini (Kingdom of),2015,144,0.584
1418, Eswatini (Kingdom of),2016,144,0.586
1419, Eswatini (Kingdom of),2017,144,0.588
1430, Ethiopia,2010,173,0.412
1431, Ethiopia,2011,173,0.423
1432, Ethiopia,2012,173,0.43
1433, Ethiopia,2013,173,0.438
1434, Ethiopia,2014,173,0.445
1435, Ethiopia,2015,173,0.451
1436, Ethiopia,2016,173,0.457
1437, Ethiopia,2017,173,0.463
1458, Fiji,2010,92,0.711
1459, Fiji,2011,92,0.717
1460, Fiji,2012,92,0.719
1461, Fiji,2013,92,0.727
1462, Fiji,2014,92,0.73
1463, Fiji,2015,92,0.738
1464, Fiji,2016,92,0.738
1465, Fiji,2017,92,0.741
1486, Finland,2010,15,0.903
1487, Finland,2011,15,0.907
1488, Finland,2012,15,0.908
1489, Finland,2013,15,0.912
1490, Finland,2014,15,0.914
1491, Finland,2015,15,0.915
1492, Finland,2016,15,0.918
1493, Finland,2017,15,0.92
1514, France,2010,24,0.882
1515, France,2011,24,0.884
1516, France,2012,24,0.886
1517, France,2013,24,0.889
1518, France,2014,24,0.894
1519, France,2015,24,0.898
1520, France,2016,24,0.899
1521, France,2017,24,0.901
1542, Gabon,2010,110,0.665
1543, Gabon,2011,110,0.67
1544, Gabon,2012,110,0.678
1545, Gabon,2013,110,0.687
1546, Gabon,2014,110,0.693
1547, Gabon,2015,110,0.694
1548, Gabon,2016,110,0.698
1549, Gabon,2017,110,0.702
1570, Gambia,2010,174,0.441
1571, Gambia,2011,174,0.44
1572, Gambia,2012,174,0.445
1573, Gambia,2013,174,0.453
1574, Gambia,2014,174,0.454
1575, Gambia,2015,174,0.457
1576, Gambia,2016,174,0.457
1577, Gambia,2017,174,0.46
1588, Georgia,2010,70,0.735
1589, Georgia,2011,70,0.741
1590, Georgia,2012,70,0.75
1591, Georgia,2013,70,0.757
1592, Georgia,2014,70,0.765
1593, Georgia,2015,70,0.771
1594, Georgia,2016,70,0.776
1595, Georgia,2017,70,0.78
1616, Germany,2010,5,0.921
1617, Germany,2011,5,0.926
1618, Germany,2012,5,0.928
1619, Germany,2013,5,0.928
1620, Germany,2014,5,0.93
1621, Germany,2015,5,0.933
1622, Germany,2016,5,0.934
1623, Germany,2017,5,0.936
1644, Ghana,2010,140,0.554
1645, Ghana,2011,140,0.563
1646, Ghana,2012,140,0.57
1647, Ghana,2013,140,0.577
1648, Ghana,2014,140,0.576
1649, Ghana,2015,140,0.585
1650, Ghana,2016,140,0.588
1651, Ghana,2017,140,0.592
1672, Greece,2010,31,0.856
1673, Greece,2011,31,0.852
1674, Greece,2012,31,0.854
1675, Greece,2013,31,0.856
1676, Greece,2014,31,0.864
1677, Greece,2015,31,0.866
1678, Greece,2016,31,0.868
1679, Greece,2017,31,0.87
1688, Grenada,2010,75,0.743
1689, Grenada,2011,75,0.747
1690, Grenada,2012,75,0.749
1691, Grenada,2013,75,0.754
1692, Grenada,2014,75,0.761
1693, Grenada,2015,75,0.767
1694, Grenada,2016,75,0.77
1695, Grenada,2017,75,0.772
1716, Guatemala,2010,127,0.611
1717, Guatemala,2011,127,0.619
1718, Guatemala,2012,127,0.613
1719, Guatemala,2013,127,0.616
1720, Guatemala,2014,127,0.643
1721, Guatemala,2015,127,0.645
1722, Guatemala,2016,127,0.649
1723, Guatemala,2017,127,0.65
1744, Guinea,2010,175,0.404
1745, Guinea,2011,175,0.418
1746, Guinea,2012,175,0.428
1747, Guinea,2013,175,0.435
1748, Guinea,2014,175,0.44
1749, Guinea,2015,175,0.443
1750, Guinea,2016,175,0.449
1751, Guinea,2017,175,0.459
1757, Guinea-Bissau,2010,177,0.426
1758, Guinea-Bissau,2011,177,0.435
1759, Guinea-Bissau,2012,177,0.437
1760, Guinea-Bissau,2013,177,0.44
1761, Guinea-Bissau,2014,177,0.445
1762, Guinea-Bissau,2015,177,0.449
1763, Guinea-Bissau,2016,177,0.453
1764, Guinea-Bissau,2017,177,0.455
1785, Guyana,2010,125,0.63
1786, Guyana,2011,125,0.639
1787, Guyana,2012,125,0.642
1788, Guyana,2013,125,0.645
1789, Guyana,2014,125,0.648
1790, Guyana,2015,125,0.651
1791, Guyana,2016,125,0.652
1792, Guyana,2017,125,0.654
1813, Haiti,2010,168,0.47
1814, Haiti,2011,168,0.477
1815, Haiti,2012,168,0.481
1816, Haiti,2013,168,0.486
1817, Haiti,2014,168,0.49
1818, Haiti,2015,168,0.493
1819, Haiti,2016,168,0.496
1820, Haiti,2017,168,0.498
1841, Honduras,2010,133,0.596
1842, Honduras,2011,133,0.598
1843, Honduras,2012,133,0.597
1844, Honduras,2013,133,0.6
1845, Honduras,2014,133,0.603
1846, Honduras,2015,133,0.609
1847, Honduras,2016,133,0.614
1848, Honduras,2017,133,0.617
1869," Hong Kong, China (SAR)",2010,7,0.901
1870," Hong Kong, China (SAR)",2011,7,0.904
1871," Hong Kong, China (SAR)",2012,7,0.911
1872," Hong Kong, China (SAR)",2013,7,0.915
1873," Hong Kong, China (SAR)",2014,7,0.923
1874," Hong Kong, China (SAR)",2015,7,0.927
1875," Hong Kong, China (SAR)",2016,7,0.93
1876," Hong Kong, China (SAR)",2017,7,0.933
1896, Hungary,2010,45,0.823
1897, Hungary,2011,45,0.827
1898, Hungary,2012,45,0.83
1899, Hungary,2013,45,0.835
1900, Hungary,2014,45,0.833
1901, Hungary,2015,45,0.834
1902, Hungary,2016,45,0.835
1903, Hungary,2017,45,0.838
1924, Iceland,2010,6,0.891
1925, Iceland,2011,6,0.901
1926, Iceland,2012,6,0.909
1927, Iceland,2013,6,0.92
1928, Iceland,2014,6,0.925
1929, Iceland,2015,6,0.927
1930, Iceland,2016,6,0.933
1931, Iceland,2017,6,0.935
1952, India,2010,130,0.581
1953, India,2011,130,0.591
1954, India,2012,130,0.6
1955, India,2013,130,0.607
1956, India,2014,130,0.618
1957, India,2015,130,0.627
1958, India,2016,130,0.636
1959, India,2017,130,0.64
1980, Indonesia,2010,116,0.661
1981, Indonesia,2011,116,0.669
1982, Indonesia,2012,116,0.675
1983, Indonesia,2013,116,0.681
1984, Indonesia,2014,116,0.683
1985, Indonesia,2015,116,0.686
1986, Indonesia,2016,116,0.691
1987, Indonesia,2017,116,0.694
2008, Iran (Islamic Republic of),2010,60,0.755
2009, Iran (Islamic Republic of),2011,60,0.766
2010, Iran (Islamic Republic of),2012,60,0.781
2011, Iran (Islamic Republic of),2013,60,0.784
2012, Iran (Islamic Republic of),2014,60,0.788
2013, Iran (Islamic Republic of),2015,60,0.789
2014, Iran (Islamic Republic of),2016,60,0.796
2015, Iran (Islamic Republic of),2017,60,0.798
2036, Iraq,2010,120,0.649
2037, Iraq,2011,120,0.656
2038, Iraq,2012,120,0.659
2039, Iraq,2013,120,0.666
2040, Iraq,2014,120,0.666
2041, Iraq,2015,120,0.668
2042, Iraq,2016,120,0.672
2043, Iraq,2017,120,0.685
2064, Ireland,2010,4,0.909
2065, Ireland,2011,4,0.895
2066, Ireland,2012,4,0.902
2067, Ireland,2013,4,0.911
2068, Ireland,2014,4,0.921
2069, Ireland,2015,4,0.929
2070, Ireland,2016,4,0.934
2071, Ireland,2017,4,0.938
2092, Israel,2010,22,0.887
2093, Israel,2011,22,0.892
2094, Israel,2012,22,0.893
2095, Israel,2013,22,0.895
2096, Israel,2014,22,0.899
2097, Israel,2015,22,0.901
2098, Israel,2016,22,0.902
2099, Israel,2017,22,0.903
2120, Italy,2010,28,0.87
2121, Italy,2011,28,0.875
2122, Italy,2012,28,0.874
2123, Italy,2013,28,0.876
2124, Italy,2014,28,0.874
2125, Italy,2015,28,0.876
2126, Italy,2016,28,0.878
2127, Italy,2017,28,0.88
2148, Jamaica,2010,97,0.712
2149, Jamaica,2011,97,0.715
2150, Jamaica,2012,97,0.721
2151, Jamaica,2013,97,0.726
2152, Jamaica,2014,97,0.728
2153, Jamaica,2015,97,0.73
2154, Jamaica,2016,97,0.732
2155, Jamaica,2017,97,0.732
2176, Japan,2010,19,0.885
2177, Japan,2011,19,0.89
2178, Japan,2012,19,0.895
2179, Japan,2013,19,0.899
2180, Japan,2014,19,0.903
2181, Japan,2015,19,0.905
2182, Japan,2016,19,0.907
2183, Japan,2017,19,0.909
2204, Jordan,2010,95,0.728
2205, Jordan,2011,95,0.726
2206, Jordan,2012,95,0.726
2207, Jordan,2013,95,0.727
2208, Jordan,2014,95,0.73
2209, Jordan,2015,95,0.733
2210, Jordan,2016,95,0.735
2211, Jordan,2017,95,0.735
2231, Kazakhstan,2010,58,0.765
2232, Kazakhstan,2011,58,0.772
2233, Kazakhstan,2012,58,0.781
2234, Kazakhstan,2013,58,0.788
2235, Kazakhstan,2014,58,0.793
2236, Kazakhstan,2015,58,0.797
2237, Kazakhstan,2016,58,0.797
2238, Kazakhstan,2017,58,0.8
2259, Kenya,2010,142,0.543
2260, Kenya,2011,142,0.552
2261, Kenya,2012,142,0.559
2262, Kenya,2013,142,0.566
2263, Kenya,2014,142,0.572
2264, Kenya,2015,142,0.578
2265, Kenya,2016,142,0.585
2266, Kenya,2017,142,0.59
2277, Kiribati,2010,134,0.59
2278, Kiribati,2011,134,0.59
2279, Kiribati,2012,134,0.598
2280, Kiribati,2013,134,0.609
2281, Kiribati,2014,134,0.616
2282, Kiribati,2015,134,0.621
2283, Kiribati,2016,134,0.61
2284, Kiribati,2017,134,0.612
2305, Korea (Republic of),2010,22,0.884
2306, Korea (Republic of),2011,22,0.888
2307, Korea (Republic of),2012,22,0.89
2308, Korea (Republic of),2013,22,0.893
2309, Korea (Republic of),2014,22,0.896
2310, Korea (Republic of),2015,22,0.898
2311, Korea (Republic of),2016,22,0.9
2312, Korea (Republic of),2017,22,0.903
2333, Kuwait,2010,56,0.792
2334, Kuwait,2011,56,0.794
2335, Kuwait,2012,56,0.796
2336, Kuwait,2013,56,0.795
2337, Kuwait,2014,56,0.799
2338, Kuwait,2015,56,0.802
2339, Kuwait,2016,56,0.804
2340, Kuwait,2017,56,0.803
2361, Kyrgyzstan,2010,122,0.636
2362, Kyrgyzstan,2011,122,0.639
2363, Kyrgyzstan,2012,122,0.649
2364, Kyrgyzstan,2013,122,0.658
2365, Kyrgyzstan,2014,122,0.663
2366, Kyrgyzstan,2015,122,0.666
2367, Kyrgyzstan,2016,122,0.669
2368, Kyrgyzstan,2017,122,0.672
2389, Lao People's Democratic Republic,2010,139,0.546
2390, Lao People's Democratic Republic,2011,139,0.558
2391, Lao People's Democratic Republic,2012,139,0.569
2392, Lao People's Democratic Republic,2013,139,0.579
2393, Lao People's Democratic Republic,2014,139,0.586
2394, Lao People's Democratic Republic,2015,139,0.593
2395, Lao People's Democratic Republic,2016,139,0.598
2396, Lao People's Democratic Republic,2017,139,0.601
2417, Latvia,2010,41,0.816
2418, Latvia,2011,41,0.821
2419, Latvia,2012,41,0.824
2420, Latvia,2013,41,0.833
2421, Latvia,2014,41,0.838
2422, Latvia,2015,41,0.841
2423, Latvia,2016,41,0.844
2424, Latvia,2017,41,0.847
2430, Lebanon,2010,80,0.758
2431, Lebanon,2011,80,0.76
2432, Lebanon,2012,80,0.751
2433, Lebanon,2013,80,0.751
2434, Lebanon,2014,80,0.751
2435, Lebanon,2015,80,0.752
2436, Lebanon,2016,80,0.753
2437, Lebanon,2017,80,0.757
2458, Lesotho,2010,159,0.493
2459, Lesotho,2011,159,0.498
2460, Lesotho,2012,159,0.505
2461, Lesotho,2013,159,0.505
2462, Lesotho,2014,159,0.509
2463, Lesotho,2015,159,0.511
2464, Lesotho,2016,159,0.516
2465, Lesotho,2017,159,0.52
2477, Liberia,2010,181,0.407
2478, Liberia,2011,181,0.417
2479, Liberia,2012,181,0.42
2480, Liberia,2013,181,0.429
2481, Liberia,2014,181,0.431
2482, Liberia,2015,181,0.432
2483, Liberia,2016,181,0.432
2484, Liberia,2017,181,0.435
2505, Libya,2010,108,0.755
2506, Libya,2011,108,0.707
2507, Libya,2012,108,0.741
2508, Libya,2013,108,0.707
2509, Libya,2014,108,0.695
2510, Libya,2015,108,0.694
2511, Libya,2016,108,0.693
2512, Libya,2017,108,0.706
2523, Liechtenstein,2010,17,0.904
2524, Liechtenstein,2011,17,0.909
2525, Liechtenstein,2012,17,0.913
2526, Liechtenstein,2013,17,0.912
2527, Liechtenstein,2014,17,0.911
2528, Liechtenstein,2015,17,0.912
2529, Liechtenstein,2016,17,0.915
2530, Liechtenstein,2017,17,0.916
2551, Lithuania,2010,35,0.824
2552, Lithuania,2011,35,0.828
2553, Lithuania,2012,35,0.831
2554, Lithuania,2013,35,0.836
2555, Lithuania,2014,35,0.851
2556, Lithuania,2015,35,0.852
2557, Lithuania,2016,35,0.855
2558, Lithuania,2017,35,0.858
2579, Luxembourg,2010,21,0.889
2580, Luxembourg,2011,21,0.892
2581, Luxembourg,2012,21,0.892
2582, Luxembourg,2013,21,0.892
2583, Luxembourg,2014,21,0.895
2584, Luxembourg,2015,21,0.899
2585, Luxembourg,2016,21,0.904
2586, Luxembourg,2017,21,0.904
2597, Madagascar,2010,161,0.504
2598, Madagascar,2011,161,0.504
2599, Madagascar,2012,161,0.507
2600, Madagascar,2013,161,0.509
2601, Madagascar,2014,161,0.512
2602, Madagascar,2015,161,0.514
2603, Madagascar,2016,161,0.517
2604, Madagascar,2017,161,0.519
2625, Malawi,2010,171,0.441
2626, Malawi,2011,171,0.45
2627, Malawi,2012,171,0.455
2628, Malawi,2013,171,0.461
2629, Malawi,2014,171,0.468
2630, Malawi,2015,171,0.47
2631, Malawi,2016,171,0.474
2632, Malawi,2017,171,0.477
2653, Malaysia,2010,57,0.772
2654, Malaysia,2011,57,0.778
2655, Malaysia,2012,57,0.781
2656, Malaysia,2013,57,0.785
2657, Malaysia,2014,57,0.79
2658, Malaysia,2015,57,0.795
2659, Malaysia,2016,57,0.799
2660, Malaysia,2017,57,0.802
2676, Maldives,2010,101,0.671
2677, Maldives,2011,101,0.682
2678, Maldives,2012,101,0.688
2679, Maldives,2013,101,0.696
2680, Maldives,2014,101,0.705
2681, Maldives,2015,101,0.71
2682, Maldives,2016,101,0.712
2683, Maldives,2017,101,0.717
2704, Mali,2010,182,0.403
2705, Mali,2011,182,0.408
2706, Mali,2012,182,0.408
2707, Mali,2013,182,0.408
2708, Mali,2014,182,0.414
2709, Mali,2015,182,0.418
2710, Mali,2016,182,0.421
2711, Mali,2017,182,0.427
2732, Malta,2010,29,0.843
2733, Malta,2011,29,0.843
2734, Malta,2012,29,0.849
2735, Malta,2013,29,0.856
2736, Malta,2014,29,0.862
2737, Malta,2015,29,0.871
2738, Malta,2016,29,0.875
2739, Malta,2017,29,0.878
2740, Marshall Islands,2017,106,0.708
2761, Mauritania,2010,159,0.487
2762, Mauritania,2011,159,0.49
2763, Mauritania,2012,159,0.499
2764, Mauritania,2013,159,0.508
2765, Mauritania,2014,159,0.514
2766, Mauritania,2015,159,0.514
2767, Mauritania,2016,159,0.516
2768, Mauritania,2017,159,0.52
2789, Mauritius,2010,65,0.749
2790, Mauritius,2011,65,0.758
2791, Mauritius,2012,65,0.767
2792, Mauritius,2013,65,0.772
2793, Mauritius,2014,65,0.782
2794, Mauritius,2015,65,0.782
2795, Mauritius,2016,65,0.788
2796, Mauritius,2017,65,0.79
2817, Mexico,2010,74,0.743
2818, Mexico,2011,74,0.751
2819, Mexico,2012,74,0.757
2820, Mexico,2013,74,0.756
2821, Mexico,2014,74,0.761
2822, Mexico,2015,74,0.767
2823, Mexico,2016,74,0.772
2824, Mexico,2017,74,0.774
2835, Micronesia (Federated States of),2010,131,0.608
2836, Micronesia (Federated States of),2011,131,0.613
2837, Micronesia (Federated States of),2012,131,0.616
2838, Micronesia (Federated States of),2013,131,0.619
2839, Micronesia (Federated States of),2014,131,0.618
2840, Micronesia (Federated States of),2015,131,0.627
2841, Micronesia (Federated States of),2016,131,0.627
2842, Micronesia (Federated States of),2017,131,0.627
2863, Moldova (Republic of),2010,112,0.67
2864, Moldova (Republic of),2011,112,0.677
2865, Moldova (Republic of),2012,112,0.684
2866, Moldova (Republic of),2013,112,0.693
2867, Moldova (Republic of),2014,112,0.696
2868, Moldova (Republic of),2015,112,0.693
2869, Moldova (Republic of),2016,112,0.697
2870, Moldova (Republic of),2017,112,0.7
2891, Mongolia,2010,92,0.697
2892, Mongolia,2011,92,0.711
2893, Mongolia,2012,92,0.72
2894, Mongolia,2013,92,0.729
2895, Mongolia,2014,92,0.734
2896, Mongolia,2015,92,0.737
2897, Mongolia,2016,92,0.743
2898, Mongolia,2017,92,0.741
2906, Montenegro,2010,50,0.793
2907, Montenegro,2011,50,0.798
2908, Montenegro,2012,50,0.8
2909, Montenegro,2013,50,0.803
2910, Montenegro,2014,50,0.805
2911, Montenegro,2015,50,0.809
2912, Montenegro,2016,50,0.81
2913, Montenegro,2017,50,0.814
2934, Morocco,2010,123,0.616
2935, Morocco,2011,123,0.626
2936, Morocco,2012,123,0.635
2937, Morocco,2013,123,0.645
2938, Morocco,2014,123,0.65
2939, Morocco,2015,123,0.655
2940, Morocco,2016,123,0.662
2941, Morocco,2017,123,0.667
2962, Mozambique,2010,180,0.403
2963, Mozambique,2011,180,0.407
2964, Mozambique,2012,180,0.412
2965, Mozambique,2013,180,0.423
2966, Mozambique,2014,180,0.427
2967, Mozambique,2015,180,0.432
2968, Mozambique,2016,180,0.435
2969, Mozambique,2017,180,0.437
2990, Myanmar,2010,148,0.53
2991, Myanmar,2011,148,0.54
2992, Myanmar,2012,148,0.549
2993, Myanmar,2013,148,0.558
2994, Myanmar,2014,148,0.564
2995, Myanmar,2015,148,0.569
2996, Myanmar,2016,148,0.574
2997, Myanmar,2017,148,0.578
3018, Namibia,2010,129,0.594
3019, Namibia,2011,129,0.607
3020, Namibia,2012,129,0.617
3021, Namibia,2013,129,0.628
3022, Namibia,2014,129,0.636
3023, Namibia,2015,129,0.642
3024, Namibia,2016,129,0.645
3025, Namibia,2017,129,0.647
3046, Nepal,2010,149,0.529
3047, Nepal,2011,149,0.535
3048, Nepal,2012,149,0.548
3049, Nepal,2013,149,0.554
3050, Nepal,2014,149,0.56
3051, Nepal,2015,149,0.566
3052, Nepal,2016,149,0.569
3053, Nepal,2017,149,0.574
3074, Netherlands,2010,10,0.91
3075, Netherlands,2011,10,0.921
3076, Netherlands,2012,10,0.921
3077, Netherlands,2013,10,0.923
3078, Netherlands,2014,10,0.924
3079, Netherlands,2015,10,0.926
3080, Netherlands,2016,10,0.928
3081, Netherlands,2017,10,0.931
3102, New Zealand,2010,16,0.899
3103, New Zealand,2011,16,0.902
3104, New Zealand,2012,16,0.905
3105, New Zealand,2013,16,0.907
3106, New Zealand,2014,16,0.91
3107, New Zealand,2015,16,0.914
3108, New Zealand,2016,16,0.915
3109, New Zealand,2017,16,0.917
3130, Nicaragua,2010,124,0.621
3131, Nicaragua,2011,124,0.627
3132, Nicaragua,2012,124,0.633
3133, Nicaragua,2013,124,0.639
3134, Nicaragua,2014,124,0.649
3135, Nicaragua,2015,124,0.652
3136, Nicaragua,2016,124,0.657
3137, Nicaragua,2017,124,0.658
3158, Niger,2010,189,0.318
3159, Niger,2011,189,0.325
3160, Niger,2012,189,0.336
3161, Niger,2013,189,0.34
3162, Niger,2014,189,0.345
3163, Niger,2015,189,0.347
3164, Niger,2016,189,0.351
3165, Niger,2017,189,0.354
3173, Nigeria,2010,157,0.484
3174, Nigeria,2011,157,0.494
3175, Nigeria,2012,157,0.512
3176, Nigeria,2013,157,0.519
3177, Nigeria,2014,157,0.524
3178, Nigeria,2015,157,0.527
3179, Nigeria,2016,157,0.53
3180, Nigeria,2017,157,0.532
3201, Norway,2010,1,0.942
3202, Norway,2011,1,0.943
3203, Norway,2012,1,0.942
3204, Norway,2013,1,0.946
3205, Norway,2014,1,0.946
3206, Norway,2015,1,0.948
3207, Norway,2016,1,0.951
3208, Norway,2017,1,0.953
3219, Oman,2010,48,0.793
3220, Oman,2011,48,0.795
3221, Oman,2012,48,0.804
3222, Oman,2013,48,0.812
3223, Oman,2014,48,0.815
3224, Oman,2015,48,0.822
3225, Oman,2016,48,0.822
3226, Oman,2017,48,0.821
3247, Pakistan,2010,150,0.526
3248, Pakistan,2011,150,0.53
3249, Pakistan,2012,150,0.535
3250, Pakistan,2013,150,0.538
3251, Pakistan,2014,150,0.548
3252, Pakistan,2015,150,0.551
3253, Pakistan,2016,150,0.56
3254, Pakistan,2017,150,0.562
3265, Palau,2010,60,0.769
3266, Palau,2011,60,0.775
3267, Palau,2012,60,0.778
3268, Palau,2013,60,0.78
3269, Palau,2014,60,0.786
3270, Palau,2015,60,0.793
3271, Palau,2016,60,0.798
3272, Palau,2017,60,0.798
3279," Palestine, State of",2010,119,0.672
3280," Palestine, State of",2011,119,0.677
3281," Palestine, State of",2012,119,0.687
3282," Palestine, State of",2013,119,0.679
3283," Palestine, State of",2014,119,0.679
3284," Palestine, State of",2015,119,0.687
3285," Palestine, State of",2016,119,0.689
3286," Palestine, State of",2017,119,0.686
3307, Panama,2010,66,0.758
3308, Panama,2011,66,0.764
3309, Panama,2012,66,0.771
3310, Panama,2013,66,0.776
3311, Panama,2014,66,0.781
3312, Panama,2015,66,0.781
3313, Panama,2016,66,0.785
3314, Panama,2017,66,0.789
3335, Papua New Guinea,2010,153,0.52
3336, Papua New Guinea,2011,153,0.529
3337, Papua New Guinea,2012,153,0.53
3338, Papua New Guinea,2013,153,0.534
3339, Papua New Guinea,2014,153,0.536
3340, Papua New Guinea,2015,153,0.542
3341, Papua New Guinea,2016,153,0.543
3342, Papua New Guinea,2017,153,0.544
3363, Paraguay,2010,110,0.675
3364, Paraguay,2011,110,0.68
3365, Paraguay,2012,110,0.68
3366, Paraguay,2013,110,0.695
3367, Paraguay,2014,110,0.698
3368, Paraguay,2015,110,0.702
3369, Paraguay,2016,110,0.702
3370, Paraguay,2017,110,0.702
3391, Peru,2010,89,0.717
3392, Peru,2011,89,0.729
3393, Peru,2012,89,0.729
3394, Peru,2013,89,0.736
3395, Peru,2014,89,0.746
3396, Peru,2015,89,0.745
3397, Peru,2016,89,0.748
3398, Peru,2017,89,0.75
3419, Philippines,2010,113,0.665
3420, Philippines,2011,113,0.67
3421, Philippines,2012,113,0.677
3422, Philippines,2013,113,0.685
3423, Philippines,2014,113,0.689
3424, Philippines,2015,113,0.693
3425, Philippines,2016,113,0.696
3426, Philippines,2017,113,0.699
3447, Poland,2010,33,0.835
3448, Poland,2011,33,0.839
3449, Poland,2012,33,0.836
3450, Poland,2013,33,0.85
3451, Poland,2014,33,0.842
3452, Poland,2015,33,0.855
3453, Poland,2016,33,0.86
3454, Poland,2017,33,0.865
3475, Portugal,2010,41,0.822
3476, Portugal,2011,41,0.826
3477, Portugal,2012,41,0.829
3478, Portugal,2013,41,0.837
3479, Portugal,2014,41,0.839
3480, Portugal,2015,41,0.842
3481, Portugal,2016,41,0.845
3482, Portugal,2017,41,0.847
3503, Qatar,2010,37,0.825
3504, Qatar,2011,37,0.836
3505, Qatar,2012,37,0.844
3506, Qatar,2013,37,0.854
3507, Qatar,2014,37,0.853
3508, Qatar,2015,37,0.854
3509, Qatar,2016,37,0.855
3510, Qatar,2017,37,0.856
3531, Romania,2010,52,0.797
3532, Romania,2011,52,0.798
3533, Romania,2012,52,0.795
3534, Romania,2013,52,0.8
3535, Romania,2014,52,0.802
3536, Romania,2015,52,0.805
3537, Romania,2016,52,0.807
3538, Romania,2017,52,0.811
3559, Russian Federation,2010,49,0.78
3560, Russian Federation,2011,49,0.789
3561, Russian Federation,2012,49,0.798
3562, Russian Federation,2013,49,0.804
3563, Russian Federation,2014,49,0.807
3564, Russian Federation,2015,49,0.813
3565, Russian Federation,2016,49,0.815
3566, Russian Federation,2017,49,0.816
3587, Rwanda,2010,158,0.485
3588, Rwanda,2011,158,0.493
3589, Rwanda,2012,158,0.5
3590, Rwanda,2013,158,0.503
3591, Rwanda,2014,158,0.509
3592, Rwanda,2015,158,0.51
3593, Rwanda,2016,158,0.52
3594, Rwanda,2017,158,0.524
3600, Saint Kitts and Nevis,2010,72,0.745
3601, Saint Kitts and Nevis,2011,72,0.751
3602, Saint Kitts and Nevis,2012,72,0.756
3603, Saint Kitts and Nevis,2013,72,0.763
3604, Saint Kitts and Nevis,2014,72,0.77
3605, Saint Kitts and Nevis,2015,72,0.773
3606, Saint Kitts and Nevis,2016,72,0.774
3607, Saint Kitts and Nevis,2017,72,0.778
3618, Saint Lucia,2010,90,0.731
3619, Saint Lucia,2011,90,0.734
3620, Saint Lucia,2012,90,0.73
3621, Saint Lucia,2013,90,0.733
3622, Saint Lucia,2014,90,0.737
3623, Saint Lucia,2015,90,0.744
3624, Saint Lucia,2016,90,0.745
3625, Saint Lucia,2017,90,0.747
3636, Saint Vincent and the Grenadines,2010,99,0.715
3637, Saint Vincent and the Grenadines,2011,99,0.717
3638, Saint Vincent and the Grenadines,2012,99,0.718
3639, Saint Vincent and the Grenadines,2013,99,0.721
3640, Saint Vincent and the Grenadines,2014,99,0.72
3641, Saint Vincent and the Grenadines,2015,99,0.72
3642, Saint Vincent and the Grenadines,2016,99,0.721
3643, Saint Vincent and the Grenadines,2017,99,0.723
3664, Samoa,2010,104,0.693
3665, Samoa,2011,104,0.697
3666, Samoa,2012,104,0.697
3667, Samoa,2013,104,0.7
3668, Samoa,2014,104,0.703
3669, Samoa,2015,104,0.706
3670, Samoa,2016,104,0.711
3671, Samoa,2017,104,0.713
3692, Sao Tome and Principe,2010,143,0.542
3693, Sao Tome and Principe,2011,143,0.548
3694, Sao Tome and Principe,2012,143,0.551
3695, Sao Tome and Principe,2013,143,0.56
3696, Sao Tome and Principe,2014,143,0.567
3697, Sao Tome and Principe,2015,143,0.58
3698, Sao Tome and Principe,2016,143,0.584
3699, Sao Tome and Principe,2017,143,0.589
3720, Saudi Arabia,2010,39,0.808
3721, Saudi Arabia,2011,39,0.823
3722, Saudi Arabia,2012,39,0.835
3723, Saudi Arabia,2013,39,0.844
3724, Saudi Arabia,2014,39,0.852
3725, Saudi Arabia,2015,39,0.854
3726, Saudi Arabia,2016,39,0.854
3727, Saudi Arabia,2017,39,0.853
3748, Senegal,2010,164,0.456
3749, Senegal,2011,164,0.467
3750, Senegal,2012,164,0.476
3751, Senegal,2013,164,0.481
3752, Senegal,2014,164,0.486
3753, Senegal,2015,164,0.492
3754, Senegal,2016,164,0.499
3755, Senegal,2017,164,0.505
3776, Serbia,2010,67,0.759
3777, Serbia,2011,67,0.769
3778, Serbia,2012,67,0.768
3779, Serbia,2013,67,0.771
3780, Serbia,2014,67,0.775
3781, Serbia,2015,67,0.78
3782, Serbia,2016,67,0.785
3783, Serbia,2017,67,0.787
3794, Seychelles,2010,62,0.747
3795, Seychelles,2011,62,0.741
3796, Seychelles,2012,62,0.77
3797, Seychelles,2013,62,0.779
3798, Seychelles,2014,62,0.786
3799, Seychelles,2015,62,0.791
3800, Seychelles,2016,62,0.793
3801, Seychelles,2017,62,0.797
3822, Sierra Leone,2010,184,0.385
3823, Sierra Leone,2011,184,0.392
3824, Sierra Leone,2012,184,0.407
3825, Sierra Leone,2013,184,0.419
3826, Sierra Leone,2014,184,0.423
3827, Sierra Leone,2015,184,0.413
3828, Sierra Leone,2016,184,0.413
3829, Sierra Leone,2017,184,0.419
3850, Singapore,2010,9,0.909
3851, Singapore,2011,9,0.914
3852, Singapore,2012,9,0.92
3853, Singapore,2013,9,0.923
3854, Singapore,2014,9,0.928
3855, Singapore,2015,9,0.929
3856, Singapore,2016,9,0.93
3857, Singapore,2017,9,0.932
3878, Slovakia,2010,38,0.829
3879, Slovakia,2011,38,0.837
3880, Slovakia,2012,38,0.842
3881, Slovakia,2013,38,0.844
3882, Slovakia,2014,38,0.845
3883, Slovakia,2015,38,0.851
3884, Slovakia,2016,38,0.853
3885, Slovakia,2017,38,0.855
3906, Slovenia,2010,25,0.882
3907, Slovenia,2011,25,0.884
3908, Slovenia,2012,25,0.877
3909, Slovenia,2013,25,0.885
3910, Slovenia,2014,25,0.887
3911, Slovenia,2015,25,0.889
3912, Slovenia,2016,25,0.894
3913, Slovenia,2017,25,0.896
3925, Solomon Islands,2010,152,0.507
3926, Solomon Islands,2011,152,0.514
3927, Solomon Islands,2012,152,0.529
3928, Solomon Islands,2013,152,0.539
3929, Solomon Islands,2014,152,0.539
3930, Solomon Islands,2015,152,0.546
3931, Solomon Islands,2016,152,0.543
3932, Solomon Islands,2017,152,0.546
3953, South Africa,2010,113,0.649
3954, South Africa,2011,113,0.657
3955, South Africa,2012,113,0.664
3956, South Africa,2013,113,0.675
3957, South Africa,2014,113,0.685
3958, South Africa,2015,113,0.692
3959, South Africa,2016,113,0.696
3960, South Africa,2017,113,0.699
3961, South Sudan,2010,187,0.413
3962, South Sudan,2011,187,0.416
3963, South Sudan,2012,187,0.388
3964, South Sudan,2013,187,0.392
3965, South Sudan,2014,187,0.397
3966, South Sudan,2015,187,0.399
3967, South Sudan,2016,187,0.394
3968, South Sudan,2017,187,0.388
3989, Spain,2010,26,0.865
3990, Spain,2011,26,0.87
3991, Spain,2012,26,0.873
3992, Spain,2013,26,0.875
3993, Spain,2014,26,0.88
3994, Spain,2015,26,0.885
3995, Spain,2016,26,0.889
3996, Spain,2017,26,0.891
4017, Sri Lanka,2010,76,0.745
4018, Sri Lanka,2011,76,0.751
4019, Sri Lanka,2012,76,0.757
4020, Sri Lanka,2013,76,0.759
4021, Sri Lanka,2014,76,0.763
4022, Sri Lanka,2015,76,0.766
4023, Sri Lanka,2016,76,0.768
4024, Sri Lanka,2017,76,0.77
4045, Sudan,2010,167,0.47
4046, Sudan,2011,167,0.474
4047, Sudan,2012,167,0.485
4048, Sudan,2013,167,0.475
4049, Sudan,2014,167,0.492
4050, Sudan,2015,167,0.497
4051, Sudan,2016,167,0.499
4052, Sudan,2017,167,0.502
4059, Suriname,2010,100,0.703
4060, Suriname,2011,100,0.706
4061, Suriname,2012,100,0.711
4062, Suriname,2013,100,0.715
4063, Suriname,2014,100,0.718
4064, Suriname,2015,100,0.722
4065, Suriname,2016,100,0.719
4066, Suriname,2017,100,0.72
4087, Sweden,2010,7,0.905
4088, Sweden,2011,7,0.906
4089, Sweden,2012,7,0.908
4090, Sweden,2013,7,0.912
4091, Sweden,2014,7,0.92
4092, Sweden,2015,7,0.929
4093, Sweden,2016,7,0.932
4094, Sweden,2017,7,0.933
4115, Switzerland,2010,2,0.932
4116, Switzerland,2011,2,0.932
4117, Switzerland,2012,2,0.935
4118, Switzerland,2013,2,0.938
4119, Switzerland,2014,2,0.939
4120, Switzerland,2015,2,0.942
4121, Switzerland,2016,2,0.943
4122, Switzerland,2017,2,0.944
4142, Syrian Arab Republic,2010,155,0.644
4143, Syrian Arab Republic,2011,155,0.642
4144, Syrian Arab Republic,2012,155,0.631
4145, Syrian Arab Republic,2013,155,0.572
4146, Syrian Arab Republic,2014,155,0.55
4147, Syrian Arab Republic,2015,155,0.538
4148, Syrian Arab Republic,2016,155,0.536
4149, Syrian Arab Republic,2017,155,0.536
4170, Tajikistan,2010,127,0.634
4171, Tajikistan,2011,127,0.637
4172, Tajikistan,2012,127,0.642
4173, Tajikistan,2013,127,0.646
4174, Tajikistan,2014,127,0.645
4175, Tajikistan,2015,127,0.645
4176, Tajikistan,2016,127,0.647
4177, Tajikistan,2017,127,0.65
4198, Tanzania (United Republic of),2010,154,0.493
4199, Tanzania (United Republic of),2011,154,0.499
4200, Tanzania (United Republic of),2012,154,0.506
4201, Tanzania (United Republic of),2013,154,0.507
4202, Tanzania (United Republic of),2014,154,0.515
4203, Tanzania (United Republic of),2015,154,0.528
4204, Tanzania (United Republic of),2016,154,0.533
4205, Tanzania (United Republic of),2017,154,0.538
4226, Thailand,2010,83,0.724
4227, Thailand,2011,83,0.727
4228, Thailand,2012,83,0.731
4229, Thailand,2013,83,0.728
4230, Thailand,2014,83,0.735
4231, Thailand,2015,83,0.741
4232, Thailand,2016,83,0.748
4233, Thailand,2017,83,0.755
4244, The former Yugoslav Republic of Macedonia,2010,80,0.735
4245, The former Yugoslav Republic of Macedonia,2011,80,0.738
4246, The former Yugoslav Republic of Macedonia,2012,80,0.74
4247, The former Yugoslav Republic of Macedonia,2013,80,0.743
4248, The former Yugoslav Republic of Macedonia,2014,80,0.747
4249, The former Yugoslav Republic of Macedonia,2015,80,0.754
4250, The former Yugoslav Republic of Macedonia,2016,80,0.756
4251, The former Yugoslav Republic of Macedonia,2017,80,0.757
4262, Timor-Leste,2010,132,0.619
4263, Timor-Leste,2011,132,0.624
4264, Timor-Leste,2012,132,0.599
4265, Timor-Leste,2013,132,0.614
4266, Timor-Leste,2014,132,0.61
4267, Timor-Leste,2015,132,0.63
4268, Timor-Leste,2016,132,0.631
4269, Timor-Leste,2017,132,0.625
4290, Togo,2010,165,0.456
4291, Togo,2011,165,0.463
4292, Togo,2012,165,0.466
4293, Togo,2013,165,0.472
4294, Togo,2014,165,0.481
4295, Togo,2015,165,0.495
4296, Togo,2016,165,0.5
4297, Togo,2017,165,0.503
4318, Tonga,2010,98,0.712
4319, Tonga,2011,98,0.716
4320, Tonga,2012,98,0.717
4321, Tonga,2013,98,0.716
4322, Tonga,2014,98,0.717
4323, Tonga,2015,98,0.721
4324, Tonga,2016,98,0.724
4325, Tonga,2017,98,0.726
4346, Trinidad and Tobago,2010,69,0.775
4347, Trinidad and Tobago,2011,69,0.773
4348, Trinidad and Tobago,2012,69,0.774
4349, Trinidad and Tobago,2013,69,0.779
4350, Trinidad and Tobago,2014,69,0.779
4351, Trinidad and Tobago,2015,69,0.783
4352, Trinidad and Tobago,2016,69,0.785
4353, Trinidad and Tobago,2017,69,0.784
4374, Tunisia,2010,95,0.716
4375, Tunisia,2011,95,0.718
4376, Tunisia,2012,95,0.719
4377, Tunisia,2013,95,0.723
4378, Tunisia,2014,95,0.725
4379, Tunisia,2015,95,0.728
4380, Tunisia,2016,95,0.732
4381, Tunisia,2017,95,0.735
4402, Turkey,2010,64,0.734
4403, Turkey,2011,64,0.753
4404, Turkey,2012,64,0.76
4405, Turkey,2013,64,0.771
4406, Turkey,2014,64,0.778
4407, Turkey,2015,64,0.783
4408, Turkey,2016,64,0.787
4409, Turkey,2017,64,0.791
4410, Turkmenistan,2010,108,0.673
4411, Turkmenistan,2011,108,0.68
4412, Turkmenistan,2012,108,0.686
4413, Turkmenistan,2013,108,0.692
4414, Turkmenistan,2014,108,0.697
4415, Turkmenistan,2015,108,0.701
4416, Turkmenistan,2016,108,0.705
4417, Turkmenistan,2017,108,0.706
4438, Uganda,2010,162,0.486
4439, Uganda,2011,162,0.49
4440, Uganda,2012,162,0.492
4441, Uganda,2013,162,0.496
4442, Uganda,2014,162,0.5
4443, Uganda,2015,162,0.505
4444, Uganda,2016,162,0.508
4445, Uganda,2017,162,0.516
4466, Ukraine,2010,88,0.733
4467, Ukraine,2011,88,0.738
4468, Ukraine,2012,88,0.743
4469, Ukraine,2013,88,0.745
4470, Ukraine,2014,88,0.748
4471, Ukraine,2015,88,0.743
4472, Ukraine,2016,88,0.746
4473, Ukraine,2017,88,0.751
4494, United Arab Emirates,2010,34,0.836
4495, United Arab Emirates,2011,34,0.841
4496, United Arab Emirates,2012,34,0.846
4497, United Arab Emirates,2013,34,0.851
4498, United Arab Emirates,2014,34,0.855
4499, United Arab Emirates,2015,34,0.86
4500, United Arab Emirates,2016,34,0.862
4501, United Arab Emirates,2017,34,0.863
4522, United Kingdom,2010,14,0.905
4523, United Kingdom,2011,14,0.899
4524, United Kingdom,2012,14,0.898
4525, United Kingdom,2013,14,0.915
4526, United Kingdom,2014,14,0.919
4527, United Kingdom,2015,14,0.918
4528, United Kingdom,2016,14,0.92
4529, United Kingdom,2017,14,0.922
4550, United States,2010,13,0.914
4551, United States,2011,13,0.917
4552, United States,2012,13,0.918
4553, United States,2013,13,0.916
4554, United States,2014,13,0.918
4555, United States,2015,13,0.92
4556, United States,2016,13,0.922
4557, United States,2017,13,0.924
4578, Uruguay,2010,55,0.773
4579, Uruguay,2011,55,0.782
4580, Uruguay,2012,55,0.79
4581, Uruguay,2013,55,0.797
4582, Uruguay,2014,55,0.801
4583, Uruguay,2015,55,0.8
4584, Uruguay,2016,55,0.802
4585, Uruguay,2017,55,0.804
4596, Uzbekistan,2010,105,0.666
4597, Uzbekistan,2011,105,0.674
4598, Uzbekistan,2012,105,0.683
4599, Uzbekistan,2013,105,0.69
4600, Uzbekistan,2014,105,0.695
4601, Uzbekistan,2015,105,0.698
4602, Uzbekistan,2016,105,0.703
4603, Uzbekistan,2017,105,0.71
4609, Vanuatu,2010,138,0.591
4610, Vanuatu,2011,138,0.592
4611, Vanuatu,2012,138,0.592
4612, Vanuatu,2013,138,0.597
4613, Vanuatu,2014,138,0.598
4614, Vanuatu,2015,138,0.599
4615, Vanuatu,2016,138,0.6
4616, Vanuatu,2017,138,0.603
4637, Venezuela (Bolivarian Republic of),2010,78,0.759
4638, Venezuela (Bolivarian Republic of),2011,78,0.771
4639, Venezuela (Bolivarian Republic of),2012,78,0.774
4640, Venezuela (Bolivarian Republic of),2013,78,0.776
4641, Venezuela (Bolivarian Republic of),2014,78,0.778
4642, Venezuela (Bolivarian Republic of),2015,78,0.775
4643, Venezuela (Bolivarian Republic of),2016,78,0.766
4644, Venezuela (Bolivarian Republic of),2017,78,0.761
4665, Viet Nam,2010,116,0.654
4666, Viet Nam,2011,116,0.664
4667, Viet Nam,2012,116,0.67
4668, Viet Nam,2013,116,0.675
4669, Viet Nam,2014,116,0.678
4670, Viet Nam,2015,116,0.684
4671, Viet Nam,2016,116,0.689
4672, Viet Nam,2017,116,0.694
4693, Yemen,2010,178,0.498
4694, Yemen,2011,178,0.499
4695, Yemen,2012,178,0.505
4696, Yemen,2013,178,0.507
4697, Yemen,2014,178,0.505
4698, Yemen,2015,178,0.483
4699, Yemen,2016,178,0.462
4700, Yemen,2017,178,0.452
4721, Zambia,2010,144,0.544
4722, Zambia,2011,144,0.556
4723, Zambia,2012,144,0.569
4724, Zambia,2013,144,0.574
4725, Zambia,2014,144,0.58
4726, Zambia,2015,144,0.583
4727, Zambia,2016,144,0.586
4728, Zambia,2017,144,0.588
4749, Zimbabwe,2010,156,0.467
4750, Zimbabwe,2011,156,0.478
4751, Zimbabwe,2012,156,0.505
4752, Zimbabwe,2013,156,0.516
4753, Zimbabwe,2014,156,0.525
4754, Zimbabwe,2015,156,0.529
4755, Zimbabwe,2016,156,0.532
4756, Zimbabwe,2017,156,0.535
